52007,4/14/12,25,0.1,200,4593.41,Alejandro Olsen,Ohio,East,Development - Scala,1,0.66
52007,4/14/12,19,0.08,125,2230.35,Alejandro Olsen,Ohio,East,Training - Javascript,1,0.52
56161,4/14/12,38,0.02,150,5701.95,Ed Yedwab,Arkansas,South,Consulting - Business Model,1,0.67
59905,4/14/12,19,0.09,150,2647.33,Daniel Price,Kansas,Central,Consulting - Business Model,1,0.55
59905,4/14/12,6,0,110,673.7,Daniel Price,Kansas,Central,Development - Python,1,0.45
59905,4/14/12,5,0.01,120,606.33,Daniel Price,Kansas,Central,Development - Business Logic,1,0.48
1344,4/15/12,15,0.06,150,2158.95,Jim French,Illinois,Central,Consulting - Market Research,1,0.62
1344,4/15/12,18,0.01,150,2728.55,Jim French,Illinois,Central,Consulting - Market Research,1,0.53
1826,4/15/12,5,0.09,110,510.9,Susan Harms,North Dakota,Central,Development - Python,1,0.55
20615,4/15/12,29,0.02,110,3191.17,Benjamin Reiten,Arizona,West,Development - Python,1,0.44
28871,4/15/12,10,0.08,150,1408.68,Claudia Barton,Illinois,Central,Consulting - Business Model,1,0.6
44071,4/15/12,19,0.08,160,2854.92,Frank Stugart,Illinois,Central,Development - Java,1,0.56
44071,4/15/12,20,0,150,3062.35,Frank Stugart,Illinois,Central,Consulting - Market Research,1,0.6
54183,4/15/12,32,0.02,150,4801.76,Mike Pak,Texas,Central,Consulting - Business Model,1,0.65
54183,4/15/12,9,0.02,120,1080.4,Mike Pak,Texas,Central,Development - Business Logic,1,0.44
5028,4/16/12,10,0.06,125,1199.45,Art Stewart,Colorado,West,Training - SQL,1,0.58
21638,4/16/12,13,0.03,110,1415.96,Suzanne Molinari,Louisiana,South,Development - Python,1,0.39
50982,4/16/12,23,0.05,200,4460.93,Clay Kennedy,New York,East,Development - Scala,1,0.75
21253,4/17/12,5,0.04,110,539,Jim Smith,Washington,West,Development - PHP,1,0.59
22688,4/17/12,40,0.1,150,5512.49,Maureen Weiss,Pennsylvania,East,Consulting - Market Research,1,0.53
24098,4/17/12,42,0.05,160,6516.99,Erin Eichhorn,Alabama,South,Development - Java,1,0.64
24098,4/17/12,10,0.05,110,1066.77,Erin Eichhorn,Alabama,South,Development - Python,1,0.52
24098,4/17/12,32,0.02,150,4801.99,Erin Eichhorn,Alabama,South,Consulting - Market Research,1,0.53
25895,4/17/12,37,0.09,160,5499.42,Candace Kendrick,Texas,Central,Development - Java,1,0.68
48742,4/17/12,42,0.03,160,6654.19,Roger Tom,Idaho,West,Development - Java,1,0.64
832,4/18/12,7,0.02,110,770.34,Alice Page,Utah,West,Development - Python,1,0.45
1221,4/18/12,1,0.06,160,153.54,Lela Demir,Michigan,Central,Development - Java,1,0.58
1221,4/18/12,11,0.03,160,1742.81,Lela Demir,Michigan,Central,Development - Java,1,0.68
1221,4/18/12,16,0.08,160,2404.32,Lela Demir,Michigan,Central,Development - Java,1,0.58
32386,4/18/12,1,0,150,153.13,Christopher Zandusky,Washington,West,Consulting - Strategy,1,0.65
35040,4/18/12,44,0.03,200,8714.03,Jack Bradley,Mississippi,South,Development - Big Data,1,0.65
45476,4/18/12,48,0.07,170,7747.08,Ashley Wiener,Arizona,West,Development - .Net,1,0.61
45315,4/20/12,32,0.02,200,6403.13,Peter Lopez,California,West,Development - Big Data,1,0.69
5095,4/21/12,7,0.01,150,1061.26,Lauren Bern,Colorado,West,Consulting - Market Research,1,0.55
5986,4/21/12,48,0.08,170,7664.34,Filia Rittenbach,Pennsylvania,East,Development - .Net,1,0.69
5986,4/21/12,20,0.05,125,2424.71,Filia Rittenbach,Pennsylvania,East,Training - Development,1,0.58
5986,4/21/12,41,0.03,150,6090.37,Filia Rittenbach,Pennsylvania,East,Consulting - Business Model,1,0.6
8390,4/21/12,24,0.08,150,3381.32,Emily Kriz,Kansas,Central,Consulting - Business Model,1,0.6
35104,4/22/12,1,0.04,150,147.02,Bill McGarr,Nebraska,Central,Consulting - Business Model,1,0.55
35104,4/22/12,18,0,125,2297.15,Bill McGarr,Nebraska,Central,Training - SQL,1,0.64
39300,4/22/12,9,0.01,170,1546.44,Emily Phan,MA,East,Development - .Net,1,0.64
57638,4/22/12,35,0.09,125,4064.68,Christy Blume,Maine,East,Training - Javascript,1,0.4
57638,4/22/12,49,0.07,110,5117.75,Christy Blume,Connecticut,East,Development - Python,1,0.35
57638,4/22/12,49,0.08,140,6443.46,Christy Blume,Connecticut,East,Development - Front End Web,1,0.62
59395,4/22/12,20,0.06,110,2111.34,Cari Murry,Illinois,Central,Development - Python,1,0.35
22183,4/23/12,30,0.06,120,3455,Speros Pisteka,New Jersey,East,Development - Business Logic,1,0.48
45698,4/23/12,40,0.1,160,5880.85,Jay Carlisle,Ohio,East,Development - Java,1,0.56
45698,4/23/12,36,0.04,110,3881.36,Jay Carlisle,Ohio,East,Development - Python,1,0.55
51872,4/23/12,10,0.09,125,1161.37,Shui Morse,Washington,West,Training - Development,1,0.58
51872,4/23/12,11,0,150,1684.62,Shui Morse,Washington,West,Consulting - Market Research,1,0.53
51872,4/23/12,37,0.06,150,5326.46,Shui Morse,Washington,West,Consulting - Market Research,1,0.53
4805,4/24/12,7,0.02,110,770.45,Tony Lucas,Washington,West,Development - Python,1,0.35
8033,4/24/12,27,0.06,170,4405.23,Michelle Collister,Wisconsin,Central,Development - .Net,1,0.7
12931,4/24/12,11,0.02,200,2201.29,Doug Federle,New Jersey,East,Development - Big Data,1,0.65
23172,4/24/12,13,0.07,150,1851.59,Alex Grayson,Oregon,West,Consulting - Strategy,1,0.6
25478,4/24/12,47,0.01,150,7126.11,Jim Paige,Ohio,East,Consulting - Market Research,1,0.61
25478,4/24/12,50,0.09,140,6503.81,Jim Paige,Ohio,East,Development - Database,1,0.46
46368,4/24/12,48,0,120,5880.99,Cynthia Prichep,New Jersey,East,Development - Business Logic,1,0.41
1217,4/25/12,25,0.07,150,3560.85,Sung Fjeld,Louisiana,South,Consulting - Business Model,1,0.59
3845,4/25/12,9,0.09,170,1421.58,Stephanie Tate,Washington,West,Development - .Net,1,0.69
3845,4/25/12,22,0.02,125,2751.68,Stephanie Tate,Washington,West,Training - SQL,1,0.44
3845,4/25/12,15,0.09,125,1742.13,Stephanie Tate,Washington,West,Training - SQL,1,0.64
16711,4/25/12,3,0.1,140,385.95,Jeremy Carlisle,New York,East,Development - Database,1,0.64
21573,4/25/12,31,0.05,200,6013.87,Don Shami,Pennsylvania,East,Development - Scala,1,0.74
21573,4/25/12,7,0,125,893.4,Don Shami,Pennsylvania,East,Training - SQL,1,0.64
21573,4/25/12,3,0.04,125,367.57,Don Shami,Pennsylvania,East,Training - Javascript,1,0.43
29861,4/25/12,11,0.03,200,2178.88,Brad Jacobs,Illinois,Central,Development - Scala,1,0.72
52999,4/25/12,5,0.04,125,612.62,Eugene Farry,Texas,Central,Training - SQL,1,0.58
52999,4/25/12,39,0.05,110,4161.21,Eugene Farry,Texas,Central,Development - Python,1,0.53
52999,4/25/12,7,0.1,110,707.57,Eugene Farry,Texas,Central,Development - Python,1,0.35
30310,4/26/12,21,0.1,150,2894.69,Thomas Lomonaco,Michigan,Central,Consulting - Market Research,1,0.61
42246,4/26/12,40,0.07,150,5697.49,Ted Yedwab,Texas,Central,Consulting - Business Model,1,0.53
42246,4/26/12,5,0.05,120,582,Ted Yedwab,Texas,Central,Development - Business Logic,1,0.41
48673,4/26/12,36,0.03,200,7131.05,Penelope Pistole,Idaho,West,Development - Big Data,1,0.65
13892,4/27/12,47,0,150,7198.62,Frank Granlund,Texas,Central,Consulting - Business Model,1,0.53
15329,4/27/12,34,0.04,150,4999.21,Rob Cano,Iowa,Central,Consulting - Business Model,1,0.61
26912,4/27/12,18,0.07,150,2563.93,Noel Hamilton,New Jersey,East,Consulting - Market Research,1,0.55
26912,4/27/12,21,0.08,150,2959.09,Noel Hamilton,MA,East,Consulting - Business Model,1,0.7
33159,4/27/12,3,0.01,150,454.89,Cindy Gastineau,Illinois,Central,Consulting - Market Research,1,0.59
33378,4/27/12,25,0.1,110,2527.17,Joseph Fritzler,MO,Central,Development - PHP,1,0.35
33670,4/27/12,50,0.03,120,5942.69,Mick Breyer,Florida,South,Development - Business Logic,1,0.58
33670,4/27/12,4,0.06,120,460.71,Mick Breyer,Florida,South,Development - Business Logic,1,0.41
38498,4/27/12,30,0.07,150,4273.22,Grant Jackson,West Virginia,East,Consulting - Business Model,1,0.5
38498,4/27/12,1,0.02,120,120.08,Grant Jackson,West Virginia,East,Development - Business Logic,1,0.44
46337,4/27/12,34,0.06,120,3916.05,Liz Vernon,New York,East,Development - Business Logic,1,0.63
5767,4/28/12,36,0.03,160,5705.12,Jessica Thornton,Wyoming,West,Development - Java,1,0.61
5767,4/28/12,31,0.08,150,4368.29,Jessica Thornton,Wyoming,West,Consulting - Business Model,1,0.65
21860,4/28/12,9,0.06,125,1079.82,Larry Williams,South Carolina,South,Training - SQL,1,0.58
22497,4/28/12,37,0.04,150,5440.45,Brendan Bowman,California,West,Consulting - Strategy,1,0.6
26982,4/28/12,37,0.05,110,3948.1,Clytie Dortch,Pennsylvania,East,Development - Python,1,0.59
30405,4/28/12,7,0.05,125,848.79,Justin Gerbode,Mississippi,South,Training - Javascript,1,0.58
2691,4/29/12,14,0.1,125,1608.28,Ted Yedwab,Texas,Central,Training - Tableau,1,0.46
24643,4/29/12,30,0,150,4595.09,Ben Molinari,Ohio,East,Consulting - Market Research,1,0.55
28742,4/29/12,35,0.09,200,6504.6,Rick Coakley,Georgia,South,Development - Big Data,1,0.74
28742,4/29/12,7,0.04,125,857.75,Rick Coakley,Georgia,South,Training - Javascript,1,0.58
34086,4/29/12,41,0.04,150,6028.75,Nat Hallsten,Oklahoma,Central,Consulting - Market Research,1,0.53
36103,4/29/12,10,0.01,125,1263.65,Nathan Lee,Alabama,South,Training - SQL,1,0.64
36103,4/29/12,45,0.03,150,6685.85,Nathan Lee,Alabama,South,Consulting - Market Research,1,0.59
38279,4/29/12,1,0.05,125,121.26,Tom Jones,Oregon,West,Training - SQL,1,0.54
52519,4/29/12,6,0.09,170,947.81,Bill Rawles,New York,East,Development - .Net,1,0.69
